Tweets,Sentiment
RT @JWSucceed: @TheSolSaverX Dont fade $MSI https://t.co/Z35qc1KvMF,Negative
"RT @MSI_token: ğŸš¨Do go check out all this new buttons ğŸš¨

Oh and search to see if your favorite influencer is availableâ€¦ if not tag themğŸ˜ˆ

Byâ€¦",Negative
RT @felipehrosario1: @crypto_bitlord7 Big moves coming for $MSI! âš¡ï¸ Strong fundamentals and major volume kicking in. Watch this rocket launâ€¦,Negative
RT @james_jam_es: @bull_bnb The charts donâ€™t lieâ€”$MSI is building momentum! ğŸ“ˆ Perfect time to get in before the breakout! #MSITicker #Cryptâ€¦,Positive
"RT @avamind_: AprÃ¨s 5 ans de bons et loyaux services mon pc avait besoin dâ€™un peu de neuf, il Ã©tait temps d'upgrader mon PC ! Merci Ã  @Inteâ€¦",Negative
RT @Abusadiqmansur: @cryptocom $MSI is the hidden gem everyoneâ€™s sleeping on! ğŸ”¥ Huge potential for gainsâ€”this oneâ€™s about to take off! ğŸš€ #Bâ€¦,Negative
"AprÃ¨s 5 ans de bons et loyaux services mon pc avait besoin dâ€™un peu de neuf, il Ã©tait temps d'upgrader mon PC ! Merci Ã  @IntelFrance pour cette belle opportunitÃ© âœ¨

ğŸ–¥ï¸ Intel Core Ultra 9 285K
âš¡ï¸MSI MEG Z890 Unify-X
ğŸ’§ MSI MAG CoreLiquid E360
ğŸ’¾ GSkill Trident Z5 RGB 48 Go

Linkâ€¦ https://t.co/CzhNK0zqAT https://t.co/y3ddhGXJ9e",Negative
"@limitlessape2 @tickertrending @MSI_token Join our bowel ğŸ’© movement to #ShitOnEverythingâ€¼ï¸

@MSI_token 
@Pablo_cro 
@LimitlessAp3 
@tickertrending 

https://t.co/UrPOsHlV8t https://t.co/DZJ3DEDNWF",Negative
"ak bnr bnr bru tau klo unhak CSATğŸ˜¿, bnr bnr ketinggalan smua tntng mrka. udah bnr bnr ga bisa fokusss ke mrkaaa, soalny tugas akhirku banyak bngttt,malahan ada bbrpa yg hrus observasi ke luar kota juga:(  dahal ak msi smstr 1ğŸ˜",Negative
"AprÃ¨s 5 ans de bons et loyaux services mon pc avait besoin dâ€™un peu de neuf, il Ã©tait temps d'upgrader mon PC ! Merci Ã  @IntelFrance pour cette belle opportunitÃ© âœ¨

ğŸ–¥ï¸ Intel Core Ultra 9 285K
âš¡ï¸MSI MEG Z890 Unify-X
ğŸ’§ MSI MAG CoreLiquid E360
ğŸ’¾ GSkill Trident Z5 RGB 48 Go

Linkâ€¦ https://t.co/9lmnPEcVoF https://t.co/vWZKVffE80",Negative
